codice_urgenza,reddito,fp_n,idoneitaticket
1,1,0,32
1,1,0,30
1,2,1,51
4,3,1,64
5,2,0,42
5,2,0,38
6,2,1,85
2,3,0,10
2,1,0,32
5,2,1,72
6,3,0,40
4,3,1,64
1,2,0,19
3,3,1,51
2,3,0,18
3,1,0,48
1,1,0,30
2,2,0,26
3,2,0,26
3,3,0,16
6,1,1,89
2,2,1,56
3,1,0,38
3,1,1,74
5,2,1,67
6,1,1,90
2,3,1,52
4,3,1,53
2,2,1,57
6,1,0,60
1,2,0,20
1,1,0,29
6,3,0,32
5,1,0,55
4,2,0,29
4,2,1,75
4,1,1,82
4,1,1,77
6,2,0,41
2,3,1,46
3,3,0,18
1,1,0,30
3,3,0,16
2,2,0,31
2,3,0,13
3,1,1,79
4,1,0,49
1,1,0,25
3,3,1,46
